Frame,CTRL_2,CTRL_3,CTRL_4,CTRL_5,CTRL_6,CTRL_1
0,0.0,-32.43319425494060,0.0,32.53601250761140,0.0,0.0
53,27.463051718577200,-59.43421611956500,0.0,31.75504184772290,18.357391856763800,-110.66088761166000
80,37.35616238225400,-69.16089044109420,0.0,31.473709770904700,24.970338322487900,-150.52465149484600